[
  { "name": "שדרות, איבים, ניר עם", "migun_time": 15 },
  { "name": "ניר עם", "migun_time": 15 },
  { "name": "כיסופים", "migun_time": 15 },
  { "name": "עין השלושה, ניר עוז", "migun_time": 15 },
  { "name": "נחל עוז", "migun_time": 15 },
  { "name": "כפר עזה", "migun_time": 15 },
  { "name": "מפלסים", "migun_time": 15 },
  { "name": "סעד", "migun_time": 15 },
  { "name": "אורים", "migun_time": 15 },
  { "name": "רעים", "migun_time": 15 },
  { "name": "בארי", "migun_time": 15 },
  { "name": "אשקלון - דרום", "migun_time": 30 },
  { "name": "אשקלון - צפון", "migun_time": 30 },
  { "name": "אשקלון - מרכז", "migun_time": 30 },
  { "name": "נתיבות", "migun_time": 30 },
  { "name": "אופקים", "migun_time": 30 },
  { "name": "שער הנגב", "migun_time": 30 },
  { "name": "חוף אשקלון", "migun_time": 30 },
  { "name": "מרחבים", "migun_time": 30 },
  { "name": "אשדוד - א,ב,ג,ד,ה", "migun_time": 45 },
  { "name": "אשדוד - ו,ז,ח,ט,י,יא,יב,יג,יד,טו,יז", "migun_time": 45 },
  { "name": "אשדוד - יז", "migun_time": 45 },
  { "name": "יבנה", "migun_time": 45 },
  { "name": "גן יבנה", "migun_time": 45 },
  { "name": "באר טוביה", "migun_time": 45 },
  { "name": "קריית גת", "migun_time": 45 },
  { "name": "קריית מלאכי", "migun_time": 45 },
  { "name": "גדרה", "migun_time": 45 },
  { "name": "חיפה - כרמל ועיר תחתית", "migun_time": 60 },
  { "name": "חיפה - מערב", "migun_time": 60 },
  { "name": "חיפה - נווה שאנן", "migun_time": 60 },
  { "name": "קריית אתא", "migun_time": 60 },
  { "name": "קריית מוצקין", "migun_time": 60 },
  { "name": "קריית ביאליק", "migun_time": 60 },
  { "name": "קריית ים", "migun_time": 60 },
  { "name": "עכו", "migun_time": 60 },
  { "name": "נהריה", "migun_time": 60 },
  { "name": "מעלות-תרשיחא", "migun_time": 60 },
  { "name": "כרמיאל", "migun_time": 60 },
  { "name": "צפת", "migun_time": 60 },
  { "name": "טבריה", "migun_time": 60 },
  { "name": "קריית שמונה", "migun_time": 30 },
  { "name": "מטולה", "migun_time": 15 },
  { "name": "שלומי", "migun_time": 30 },
  { "name": "תל אביב - מרכז העיר", "migun_time": 90 },
  { "name": "תל אביב - דרום העיר ויפו", "migun_time": 90 },
  { "name": "תל אביב - צפון העיר הישן", "migun_time": 90 },
  { "name": "תל אביב - צפון העיר החדש", "migun_time": 90 },
  { "name": "רמת גן - מזרח", "migun_time": 90 },
  { "name": "רמת גן - מערב", "migun_time": 90 },
  { "name": "גבעתיים", "migun_time": 90 },
  { "name": "בני ברק", "migun_time": 90 },
  { "name": "פתח תקווה", "migun_time": 90 },
  { "name": "ראשון לציון - מזרח", "migun_time": 90 },
  { "name": "ראשון לציון - מערב", "migun_time": 90 },
  { "name": "חולון", "migun_time": 90 },
  { "name": "בת ים", "migun_time": 90 },
  { "name": "הרצליה", "migun_time": 90 },
  { "name": "רעננה", "migun_time": 90 },
  { "name": "כפר סבא", "migun_time": 90 },
  { "name": "הוד השרון", "migun_time": 90 },
  { "name": "רמת השרון", "migun_time": 90 },
  { "name": "נתניה", "migun_time": 90 },
  { "name": "רחובות", "migun_time": 90 },
  { "name": "נס ציונה", "migun_time": 90 },
  { "name": "לוד", "migun_time": 90 },
  { "name": "רמלה", "migun_time": 90 },
  { "name": "מודיעין-מכבים-רעות", "migun_time": 90 },
  { "name": "ירושלים - מרכז", "migun_time": 90 },
  { "name": "ירושלים - דרום", "migun_time": 90 },
  { "name": "ירושלים - צפון", "migun_time": 90 },
  { "name": "ירושלים - מזרח", "migun_time": 90 },
  { "name": "ירושלים - מערב", "migun_time": 90 },
  { "name": "בית שמש", "migun_time": 90 },
  { "name": "מעלה אדומים", "migun_time": 90 },
  { "name": "באר שבע - צפון", "migun_time": 60 },
  { "name": "באר שבע - דרום", "migun_time": 60 },
  { "name": "באר שבע - מערב", "migun_time": 60 },
  { "name": "באר שבע - מזרח", "migun_time": 60 },
  { "name": "דימונה", "migun_time": 90 },
  { "name": "ערד", "migun_time": 90 },
  { "name": "אילת", "migun_time": 180 }
]
